Workbook

Sheet diabetes
A1: Pregnancies | B1: Glucose | C1: BloodPressure | D1: SkinThickness | E1: Insulin | F1: BMI | G1: DiabetesPedigreeFunction | H1: Age | I1: Outcome
A2: 6 | B2: 148 | C2: 72 | D2: 35 | E2: 0 | F2: 33.6 | G2: 0.627 | H2: 50 | I2: 1
A3: 1 | B3: 85 | C3: 66 | D3: 29 | E3: 0 | F3: 26.6 | G3: 0.351 | H3: 31 | I3: 0
A4: 8 | B4: 183 | C4: 64 | D4: 0 | E4: 0 | F4: 23.3 | G4: 0.672 | H4: 32 | I4: 1
A5: 1 | B5: 89 | C5: 66 | D5: 23 | E5: 94 | F5: 28.1 | G5: 0.167 | H5: 21 | I5: 0
A6: 0 | B6: 137 | C6: 40 | D6: 35 | E6: 168 | F6: 43.1 | G6: 2.288 | H6: 33 | I6: 1
A7: 5 | B7: 116 | C7: 74 | D7: 0 | E7: 0 | F7: 25.6 | G7: 0.201 | H7: 30 | I7: 0
A8: 3 | B8: 78 | C8: 50 | D8: 32 | E8: 88 | F8: 31 | G8: 0.248 | H8: 26 | I8: 1
A9: 10 | B9: 115 | C9: 0 | D9: 0 | E9: 0 | F9: 35.3 | G9: 0.134 | H9: 29 | I9: 0
A10: 2 | B10: 197 | C10: 70 | D10: 45 | E10: 543 | F10: 30.5 | G10: 0.158 | H10: 53 | I10: 1
A11: 8 | B11: 125 | C11: 96 | D11: 0 | E11: 0 | F11: 0 | G11: 0.232 | H11: 54 | I11: 1
A12: 4 | B12: 110 | C12: 92 | D12: 0 | E12: 0 | F12: 37.6 | G12: 0.191 | H12: 30 | I12: 0
A13: 10 | B13: 168 | C13: 74 | D13: 0 | E13: 0 | F13: 38 | G13: 0.537 | H13: 34 | I13: 1
... A769: 1 | B769: 93 | C769: 70 | D769: 31 | E769: 0 | F769: 30.4 | G769: 0.315 | H769: 23 | I769: 0

Sheet CLEAN DATA 
A1: Pregnancies | B1: Glucose | C1: BloodPressure | D1: BMI | E1: DiabetesPedigreeFunction | F1: Age | G1: Outcome | H1: Glucose_NonDiabetic | I1: Glucose_Diabetic
A2: 6 | B2: 148 | C2: 72 | D2: 33.6 | E2: 0.627 | F2: 50 | G2: 1 | I2: 148
A3: 1 | B3: 85 | C3: 66 | D3: 26.6 | E3: 0.351 | F3: 31 | G3: 0 | H3: 85
A4: 8 | B4: 183 | C4: 64 | D4: 23.3 | E4: 0.672 | F4: 32 | G4: 1 | I4: 183
A5: 1 | B5: 89 | C5: 66 | D5: 28.1 | E5: 0.167 | F5: 21 | G5: 0 | H5: 89
A6: 0 | B6: 137 | C6: 40 | D6: 43.1 | E6: 2.288 | F6: 33 | G6: 1 | I6: 137
A7: 5 | B7: 116 | C7: 74 | D7: 25.6 | E7: 0.201 | F7: 30 | G7: 0 | H7: 116
A8: 3 | B8: 78 | C8: 50 | D8: 31 | E8: 0.248 | F8: 26 | G8: 1 | I8: 78
A9: 10 | B9: 115 | C9: 72 | D9: 35.3 | E9: 0.134 | F9: 29 | G9: 0 | H9: 115
A10: 2 | B10: 197 | C10: 70 | D10: 30.5 | E10: 0.158 | F10: 53 | G10: 1 | I10: 197
A11: 8 | B11: 125 | C11: 96 | D11: 32 | E11: 0.232 | F11: 54 | G11: 1 | I11: 125
A12: 4 | B12: 110 | C12: 92 | D12: 37.6 | E12: 0.191 | F12: 30 | G12: 0 | H12: 110
A13: 10 | B13: 168 | C13: 74 | D13: 38 | E13: 0.537 | F13: 34 | G13: 1 | I13: 168
A14: 10 | B14: 139 | C14: 80 | D14: 27.1 | E14: 1.441 | F14: 57 | G14: 0 | H14: 139
A15: 1 | B15: 189 | C15: 60 | D15: 30.1 | E15: 0.398 | F15: 59 | G15: 1 | I15: 189
A16: 5 | B16: 166 | C16: 72 | D16: 25.8 | E16: 0.587 | F16: 51 | G16: 1 | I16: 166
A17: 7 | B17: 100 | C17: 72 | D17: 30 | E17: 0.484 | F17: 32 | G17: 1 | I17: 100
A18: 0 | B18: 118 | C18: 84 | D18: 45.8 | E18: 0.551 | F18: 31 | G18: 1 | I18: 118
A19: 7 | B19: 107 | C19: 74 | D19: 29.6 | E19: 0.254 | F19: 31 | G19: 1 | I19: 107
A20: 1 | B20: 103 | C20: 30 | D20: 43.3 | E20: 0.183 | F20: 33 | G20: 0 | H20: 103
A21: 1 | B21: 115 | C21: 70 | D21: 34.6 | E21: 0.529 | F21: 32 | G21: 1 | I21: 115
A22: 3 | B22: 126 | C22: 88 | D22: 39.3 | E22: 0.704 | F22: 27 | G22: 0 | H22: 126
A23: 8 | B23: 99 | C23: 84 | D23: 35.4 | E23: 0.388 | F23: 50 | G23: 0 | H23: 99
A24: 7 | B24: 196 | C24: 90 | D24: 39.8 | E24: 0.451 | F24: 41 | G24: 1 | I24: 196
A25: 9 | B25: 119 | C25: 80 | D25: 29 | E25: 0.263 | F25: 29 | G25: 1 | I25: 119
A26: 11 | B26: 143 | C26: 94 | D26: 36.6 | E26: 0.254 | F26: 51 | G26: 1 | I26: 143
A27: 10 | B27: 125 | C27: 70 | D27: 31.1 | E27: 0.205 | F27: 41 | G27: 1 | I27: 125
A28: 7 | B28: 147 | C28: 76 | D28: 39.4 | E28: 0.257 | F28: 43 | G28: 1 | I28: 147
A29: 1 | B29: 97 | C29: 66 | D29: 23.2 | E29: 0.487 | F29: 22 | G29: 0 | H29: 97
A30: 13 | B30: 145 | C30: 82 | D30: 22.2 | E30: 0.245 | F30: 57 | G30: 0 | H30: 145
A31: 5 | B31: 117 | C31: 92 | D31: 34.1 | E31: 0.337 | F31: 38 | G31: 0 | H31: 117
A32: 5 | B32: 109 | C32: 75 | D32: 36 | E32: 0.546 | F32: 60 | G32: 0 | H32: 109
A33: 3 | B33: 158 | C33: 76 | D33: 31.6 | E33: 0.851 | F33: 28 | G33: 1 | I33: 158
A34: 3 | B34: 88 | C34: 58 | D34: 24.8 | E34: 0.267 | F34: 22 | G34: 0 | H34: 88
A35: 6 | B35: 92 | C35: 92 | D35: 19.9 | E35: 0.188 | F35: 28 | G35: 0 | H35: 92
A36: 10 | B36: 122 | C36: 78 | D36: 27.6 | E36: 0.512 | F36: 45 | G36: 0 | H36: 122
A37: 4 | B37: 103 | C37: 60 | D37: 24 | E37: 0.966 | F37: 33 | G37: 0 | H37: 103
A38: 11 | B38: 138 | C38: 76 | D38: 33.2 | E38: 0.42 | F38: 35 | G38: 0 | H38: 138
A39: 9 | B39: 102 | C39: 76 | D39: 32.9 | E39: 0.665 | F39: 46 | G39: 1 | I39: 102
A40: 2 | B40: 90 | C40: 68 | D40: 38.2 | E40: 0.503 | F40: 27 | G40: 1 | I40: 90
A41: 4 | B41: 111 | C41: 72 | D41: 37.1 | E41: 1.39 | F41: 56 | G41: 1 | I41: 111
A42: 3 | B42: 180 | C42: 64 | D42: 34 | E42: 0.271 | F42: 26 | G42: 0 | H42: 180
A43: 7 | B43: 133 | C43: 84 | D43: 40.2 | E43: 0.696 | F43: 37 | G43: 0 | H43: 133
A44: 7 | B44: 106 | C44: 92 | D44: 22.7 | E44: 0.235 | F44: 48 | G44: 0 | H44: 106
A45: 9 | B45: 171 | C45: 110 | D45: 45.4 | E45: 0.721 | F45: 54 | G45: 1 | I45: 171
A46: 7 | B46: 159 | C46: 64 | D46: 27.4 | E46: 0.294 | F46: 40 | G46: 0 | H46: 159
A47: 0 | B47: 180 | C47: 66 | D47: 42 | E47: 1.893 | F47: 25 | G47: 1 | I47: 180
A48: 1 | B48: 146 | C48: 56 | D48: 29.7 | E48: 0.564 | F48: 29 | G48: 0 | H48: 146
A49: 2 | B49: 71 | C49: 70 | D49: 28 | E49: 0.586 | F49: 22 | G49: 0 | H49: 71
A50: 7 | B50: 103 | C50: 66 | D50: 39.1 | E50: 0.344 | F50: 31 | G50: 1 | I50: 103
A51: 7 | B51: 105 | C51: 72 | D51: 32 | E51: 0.305 | F51: 24 | G51: 0 | H51: 105
A52: 1 | B52: 103 | C52: 80 | D52: 19.4 | E52: 0.491 | F52: 22 | G52: 0 | H52: 103
A53: 1 | B53: 101 | C53: 50 | D53: 24.2 | E53: 0.526 | F53: 26 | G53: 0 | H53: 101
A54: 5 | B54: 88 | C54: 66 | D54: 24.4 | E54: 0.342 | F54: 30 | G54: 0 | H54: 88
A55: 8 | B55: 176 | C55: 90 | D55: 33.7 | E55: 0.467 | F55: 58 | G55: 1 | I55: 176
A56: 7 | B56: 150 | C56: 66 | D56: 34.7 | E56: 0.718 | F56: 42 | G56: 0 | H56: 150
A57: 1 | B57: 73 | C57: 50 | D57: 23 | E57: 0.248 | F57: 21 | G57: 0 | H57: 73
A58: 7 | B58: 187 | C58: 68 | D58: 37.7 | E58: 0.254 | F58: 41 | G58: 1 | I58: 187
A59: 0 | B59: 100 | C59: 88 | D59: 46.8 | E59: 0.962 | F59: 31 | G59: 0 | H59: 100
A60: 0 | B60: 146 | C60: 82 | D60: 40.5 | E60: 1.781 | F60: 44 | G60: 0 | H60: 146
A61: 0 | B61: 105 | C61: 64 | D61: 41.5 | E61: 0.173 | F61: 22 | G61: 0 | H61: 105
A62: 2 | B62: 84 | C62: 72 | D62: 32 | E62: 0.304 | F62: 21 | G62: 0 | H62: 84
A63: 8 | B63: 133 | C63: 72 | D63: 32.9 | E63: 0.27 | F63: 39 | G63: 1 | I63: 133
A64: 5 | B64: 44 | C64: 62 | D64: 25 | E64: 0.587 | F64: 36 | G64: 0 | H64: 44
A65: 2 | B65: 141 | C65: 58 | D65: 25.4 | E65: 0.699 | F65: 24 | G65: 0 | H65: 141
A66: 7 | B66: 114 | C66: 66 | D66: 32.8 | E66: 0.258 | F66: 42 | G66: 1 | I66: 114
A67: 5 | B67: 99 | C67: 74 | D67: 29 | E67: 0.203 | F67: 32 | G67: 0 | H67: 99
A68: 0 | B68: 109 | C68: 88 | D68: 32.5 | E68: 0.855 | F68: 38 | G68: 1 | I68: 109
A69: 2 | B69: 109 | C69: 92 | D69: 42.7 | E69: 0.845 | F69: 54 | G69: 0 | H69: 109
A70: 1 | B70: 95 | C70: 66 | D70: 19.6 | E70: 0.334 | F70: 25 | G70: 0 | H70: 95
A71: 4 | B71: 146 | C71: 85 | D71: 28.9 | E71: 0.189 | F71: 27 | G71: 0 | H71: 146
A72: 2 | B72: 100 | C72: 66 | D72: 32.9 | E72: 0.867 | F72: 28 | G72: 1 | I72: 100
A73: 5 | B73: 139 | C73: 64 | D73: 28.6 | E73: 0.411 | F73: 26 | G73: 0 | H73: 139
A74: 13 | B74: 126 | C74: 90 | D74: 43.4 | E74: 0.583 | F74: 42 | G74: 1 | I74: 126
A75: 4 | B75: 129 | C75: 86 | D75: 35.1 | E75: 0.231 | F75: 23 | G75: 0 | H75: 129
A76: 1 | B76: 79 | C76: 75 | D76: 32 | E76: 0.396 | F76: 22 | G76: 0 | H76: 79
A77: 1 | B77: 117 | C77: 48 | D77: 24.7 | E77: 0.14 | F77: 22 | G77: 0 | H77: 117
A78: 7 | B78: 62 | C78: 78 | D78: 32.6 | E78: 0.391 | F78: 41 | G78: 0 | H78: 62
A79: 5 | B79: 95 | C79: 72 | D79: 37.7 | E79: 0.37 | F79: 27 | G79: 0 | H79: 95
A80: 0 | B80: 131 | C80: 72 | D80: 43.2 | E80: 0.27 | F80: 26 | G80: 1 | I80: 131
A81: 2 | B81: 112 | C81: 66 | D81: 25 | E81: 0.307 | F81: 24 | G81: 0 | H81: 112
A82: 3 | B82: 113 | C82: 44 | D82: 22.4 | E82: 0.14 | F82: 22 | G82: 0 | H82: 113
A83: 2 | B83: 74 | C83: 72 | D83: 32 | E83: 0.102 | F83: 22 | G83: 0 | H83: 74
A84: 7 | B84: 83 | C84: 78 | D84: 29.3 | E84: 0.767 | F84: 36 | G84: 0 | H84: 83
A85: 0 | B85: 101 | C85: 65 | D85: 24.6 | E85: 0.237 | F85: 22 | G85: 0 | H85: 101
A86: 5 | B86: 137 | C86: 108 | D86: 48.8 | E86: 0.227 | F86: 37 | G86: 1 | I86: 137
A87: 2 | B87: 110 | C87: 74 | D87: 32.4 | E87: 0.698 | F87: 27 | G87: 0 | H87: 110
A88: 13 | B88: 106 | C88: 72 | D88: 36.6 | E88: 0.178 | F88: 45 | G88: 0 | H88: 106
A89: 2 | B89: 100 | C89: 68 | D89: 38.5 | E89: 0.324 | F89: 26 | G89: 0 | H89: 100
A90: 15 | B90: 136 | C90: 70 | D90: 37.1 | E90: 0.153 | F90: 43 | G90: 1 | I90: 136
A91: 1 | B91: 107 | C91: 68 | D91: 26.5 | E91: 0.165 | F91: 24 | G91: 0 | H91: 107
A92: 1 | B92: 80 | C92: 55 | D92: 19.1 | E92: 0.258 | F92: 21 | G92: 0 | H92: 80
A93: 4 | B93: 123 | C93: 80 | D93: 32 | E93: 0.443 | F93: 34 | G93: 0 | H93: 123
A94: 7 | B94: 81 | C94: 78 | D94: 46.7 | E94: 0.261 | F94: 42 | G94: 0 | H94: 81
A95: 4 | B95: 134 | C95: 72 | D95: 23.8 | E95: 0.277 | F95: 60 | G95: 1 | I95: 134
A96: 2 | B96: 142 | C96: 82 | D96: 24.7 | E96: 0.761 | F96: 21 | G96: 0 | H96: 142
A97: 6 | B97: 144 | C97: 72 | D97: 33.9 | E97: 0.255 | F97: 40 | G97: 0 | H97: 144
A98: 2 | B98: 92 | C98: 62 | D98: 31.6 | E98: 0.13 | F98: 24 | G98: 0 | H98: 92
A99: 1 | B99: 71 | C99: 48 | D99: 20.4 | E99: 0.323 | F99: 22 | G99: 0 | H99: 71
A100: 6 | B100: 93 | C100: 50 | D100: 28.7 | E100: 0.356 | F100: 23 | G100: 0 | H100: 93
...

Sheet P- VALUE AND CORRELATION
C4: T-Test p-value (Glucose) | D4: {=_xlfn.T.TEST(IF('CLEAN DATA '!$G$2:$G$769=0,'CLEAN DATA '!$B$2:$B$769),IF('CLEAN DATA '!$G$2:$G$769=1,'CLEAN DATA '!$B$2:$B$769),2,3)} -> 3.5421486e-41
C7: CORRELATION WITH OUTCOME
C9: VARIABLE | D9: FORMULA | F9: STRENGHT
C10: GLUCOSE | D10: =CORREL('CLEAN DATA '!B:B,'CLEAN DATA '!G:G) -> 0.4927824 | F10: STRONG
C12: BLOOD PRESSURE | D12: =CORREL('CLEAN DATA '!C:C,'CLEAN DATA '!G:G) -> 0.16572291 | F12: MODERATE
C14: BMI | D14: =CORREL('CLEAN DATA '!D:D,'CLEAN DATA '!G:G) -> 0.31224903 | F14: WEAK - MODERATE
C16: AGE | D16: =CORREL('CLEAN DATA '!F:F,'CLEAN DATA '!G:G) -> 0.23835598 | F16: WEAK - MODERATE
C18: PREGNENCIES | D18: =CORREL('CLEAN DATA '!A:A,'CLEAN DATA '!G:G) -> 0.22189815 | F18: WEAK
C20: DIABETES PEDUGREE FUNCTION | D20: =CORREL('CLEAN DATA '!E:E,'CLEAN DATA '!G:G) -> 0.17384407 | F20: MOST- WEAK

Sheet DESCRIPTIVE STATISTIC 
D2: Outcome = 0 (Non-Diabetic) | F2: Outcome = 1 (Diabetic)
C4: MEAN GLUCOSE | D4: =AVERAGEIF('CLEAN DATA '!$G:$G,0,'CLEAN DATA '!B:B) -> 110.682 | F4: =AVERAGEIF('CLEAN DATA '!$G:$G,1,'CLEAN DATA '!B:B) -> 142.1306
C6: MEAN BLOOD PRESSURE | D6: =AVERAGEIF('CLEAN DATA '!G:G,0,'CLEAN DATA '!C:C) -> 70.92 | F6: =AVERAGEIF('CLEAN DATA '!$G:$G,1,'CLEAN DATA '!C:C) -> 75.123134
C8: MEAN BMI | D8: =AVERAGEIF('CLEAN DATA '!G:G,0,'CLEAN DATA '!D:D) -> 30.8802 | F8: =AVERAGEIF('CLEAN DATA '!$G:$G,1,'CLEAN DATA '!D:D) -> 35.381343
C10: MEAN AGE | D10: =AVERAGEIF('CLEAN DATA '!G:G,0,'CLEAN DATA '!F:F) -> 31.19 | F10: =AVERAGEIF('CLEAN DATA '!$G:$G,1,'CLEAN DATA '!F:F) -> 37.067164
C15: MEDIAN GLUCOSE | D15: {=MEDIAN(IF('CLEAN DATA '!$G$2:$G$769=0,'CLEAN DATA '!$B$2:$B$769))} -> 107.5 | F15: {=MEDIAN(IF('CLEAN DATA '!$G$2:$G$769=1,'CLEAN DATA '!$B$2:$B$769))} -> 140
C17: MEDIAN BLOOD PRESSURE | D17: {=MEDIAN(IF('CLEAN DATA '!$G$2:$G$769=0,'CLEAN DATA '!$C$2:$C$769))} -> 72 | F17: {=MEDIAN(IF('CLEAN DATA '!$G$2:$G$769=1,'CLEAN DATA '!$C$2:$C$769))} -> 74
C19: MEDIAN BMI | D19: {=MEDIAN(IF('CLEAN DATA '!$G$2:$G$769=0,'CLEAN DATA '!$D$2:$D$769))} -> 30.4 | F19: {=MEDIAN(IF('CLEAN DATA '!$G$2:$G$769=1,'CLEAN DATA '!$D$2:$D$769))} -> 34.25
C21: MEDIAN AGE | D21: {=MEDIAN(IF('CLEAN DATA '!$G$2:$G$769=0,'CLEAN DATA '!$F$2:$F$769))} -> 27 | F21: {=MEDIAN(IF('CLEAN DATA '!$G$2:$G$769=1,'CLEAN DATA '!$F$2:$F$769))} -> 36
C25: SD GLUCOSE | D25: {=_xlfn.STDEV.S(IF('CLEAN DATA '!$G$2:$G$769=0,'CLEAN DATA '!$B$2:$B$769))} -> 24.707201 | F25: {=_xlfn.STDEV.S(IF('CLEAN DATA '!$G$2:$G$769=1,'CLEAN DATA '!$B$2:$B$769))} -> 29.568839
C27: SD BLOOD PRESSURE | D27: {=_xlfn.STDEV.S(IF('CLEAN DATA '!$G$2:$G$769=0,'CLEAN DATA '!$C$2:$C$769))} -> 11.929385 | F27: {=_xlfn.STDEV.S(IF('CLEAN DATA '!$G$2:$G$769=1,'CLEAN DATA '!$C$2:$C$769))} -> 11.951672
C29: SD BMI | D29: {=_xlfn.STDEV.S(IF('CLEAN DATA '!$G$2:$G$769=0,'CLEAN DATA '!$D$2:$D$769))} -> 6.5030737 | F29: {=_xlfn.STDEV.S(IF('CLEAN DATA '!$G$2:$G$769=1,'CLEAN DATA '!$D$2:$D$769))} -> 6.5967041
C31: SD AGE | D31: {=_xlfn.STDEV.S(IF('CLEAN DATA '!$G$2:$G$769=0,'CLEAN DATA '!$F$2:$F$769))} -> 11.667655 | F31: {=_xlfn.STDEV.S(IF('CLEAN DATA '!$G$2:$G$769=1,'CLEAN DATA '!$F$2:$F$769))} -> 10.968254

Sheet PIVOT TABLE 
C5: Row Labels | D5: Average of BloodPressure | E5: Average of Glucose | F5: Average of BMI | G5: Average of DiabetesPedigreeFunction | H5: Average of Pregnancies | I5: Average of Age
C6: 0 | D6: 70.92 | E6: 110.682 | F6: 30.8802 | G6: 0.429734 | H6: 3.298 | I6: 31.19
C7: 1 | D7: 75.123134 | E7: 142.1306 | F7: 35.381343 | G7: 0.5505 | H7: 4.8656716 | I7: 37.067164
C8: Grand Total | D8: 72.386719 | E8: 121.65625 | F8: 32.450911 | G8: 0.4718763 | H8: 3.8450521 | I8: 33.240885
